{"dateTime":"%x, %X","date":"%-d/%-m/%Y","time":"%-I:%M:%S %p","periods":["صبح","عصر"],"days":["یکشنبه","دوشنبه","سه شنبه","چهارشنبه","پنجشنبه","جمعه","شنبه"],"shortDays":["یکشنبه","دوشنبه","سه شنبه","چهارشنبه","پنجشنبه","جمعه","شنبه"],"months":["ژانویه","فوریه","مارس","آوریل","مه","ژوئن","ژوئیه","اوت","سپتامبر","اکتبر","نوامبر","دسامبر"],"shortMonths":["ژانویه","فوریه","مارس","آوریل","مه","ژوئن","ژوئیه","اوت","سپتامبر","اکتبر","نوامبر","دسامبر"]}